{
  "project_info": {
    "project_number": "1074500470315",
    "firebase_url": "https://friendfinder-1492110378912.firebaseio.com",
    "project_id": "friendfinder-1492110378912",
    "storage_bucket": "friendfinder-1492110378912.appspot.com"
  },
  "client": [
    {
      "client_info": {
        "mobilesdk_app_id": "1:1074500470315:android:67b83af4136ea0e9",
        "android_client_info": {
          "package_name": "com.example.android.friendfinder"
        }
      },
      "oauth_client": [
        {
          "client_id": "1074500470315-diej6gcc1ce3nlbtvgih6hutekaimoig.apps.googleusercontent.com",
          "client_type": 3
        }
      ],
      "api_key": [
        {
          "current_key": "AIzaSyD_t_--BAaZUoGkiQO596Aee2HKUU2YrTU"
        }
      ],
      "services": {
        "analytics_service": {
          "status": 1
        },
        "appinvite_service": {
          "status": 1,
          "other_platform_oauth_client": []
        },
        "ads_service": {
          "status": 2
        }
      }
    }
  ],
  "configuration_version": "1"
}