{
  "project_info": {
    "project_number": "1068348988364",
    "firebase_url": "https://inclassassignment3.firebaseio.com",
    "project_id": "inclassassignment3",
    "storage_bucket": "inclassassignment3.appspot.com"
  },
  "client": [
    {
      "client_info": {
        "mobilesdk_app_id": "1:1068348988364:android:ae4dce0b7fb7c56f",
        "android_client_info": {
          "package_name": "com.example.android.inclassassignment3"
        }
      },
      "oauth_client": [
        {
          "client_id": "1068348988364-ojgp9nbadlr44216j3noa354lnb8dlss.apps.googleusercontent.com",
          "client_type": 1,
          "android_info": {
            "package_name": "com.example.android.inclassassignment3",
            "certificate_hash": "a7f9dd3f32d88498c7b8259dbf3eaeb93703ad85"
          }
        },
        {
          "client_id": "1068348988364-ld3k390ov0p20ra451uokubrphi0puor.apps.googleusercontent.com",
          "client_type": 3
        }
      ],
      "api_key": [
        {
          "current_key": "AIzaSyADxdqHecowGCgJ2-R0yGD_l91ZcjWg3GU"
        }
      ],
      "services": {
        "analytics_service": {
          "status": 1
        },
        "appinvite_service": {
          "status": 2,
          "other_platform_oauth_client": [
            {
              "client_id": "1068348988364-ld3k390ov0p20ra451uokubrphi0puor.apps.googleusercontent.com",
              "client_type": 3
            }
          ]
        },
        "ads_service": {
          "status": 2
        }
      }
    }
  ],
  "configuration_version": "1"
}